{
  "1.csv": {
    "eu_val": {
      "t1": 0.73111,
      "t2": 0.73112
    },
    "mi_val": {
      "t1": 1.0,
      "t2": 1.0
    }
  },
  "3.csv": {
    "eu_val": {
      "t1": 1.0,
      "t2": 1.0
    },
    "mi_val": {
      "t1": 0.58805,
      "t2": 0.58806
    }
  },
  "8.csv": {
    "eu_val": {
      "t1": 1.0,
      "t2": 1.0
    },
    "mi_val": {
      "t1": 0.80475,
      "t2": 0.80476
    }
  },
  "other-2.csv": {
    "eu_val": {
      "t1": 1.0,
      "t2": 1.0
    },
    "mi_val": {
      "t1": 0.35266,
      "t2": 0.35267
    }
  },
  "other-5.csv": {
    "eu_val": {
      "t1": 0.90947,
      "t2": 0.90948
    },
    "mi_val": {
      "t1": 1.0,
      "t2": 1.0
    }
  },
  "other-6.csv": {
    "eu_val": {
      "t1": 0.64159,
      "t2": 0.6416
    },
    "mi_val": {
      "t1": 1.0,
      "t2": 1.0
    }
  },
  "other-7.csv": {
    "eu_val": {
      "t1": 0.70263,
      "t2": 0.70264
    },
    "mi_val": {
      "t1": 1.0,
      "t2": 1.0
    }
  },
  "other-9.csv": {
    "eu_val": {
      "t1": 0.80081,
      "t2": 0.80082
    },
    "mi_val": {
      "t1": 1.0,
      "t2": 1.0
    }
  },
  "other-10.csv": {
    "eu_val": {
      "t1": 0.3995,
      "t2": 0.39951
    },
    "mi_val": {
      "t1": 1.0,
      "t2": 1.0
    }
  },
  "other-12.csv": {
    "eu_val": {
      "t1": 0.70021,
      "t2": 0.70022
    },
    "mi_val": {
      "t1": 1.0,
      "t2": 1.0
    }
  },
  "other-14.csv": {
    "eu_val": {
      "t1": 0.73588,
      "t2": 0.73589
    },
    "mi_val": {
      "t1": 1.0,
      "t2": 1.0
    }
  }
}